degree,drug1,drug2
1,阿卡波糖片,硫辛酸胶囊
1,阿卡波糖片,硫辛酸注射液
0,阿卡波糖片,盐酸二甲双胍片
1,盐酸阿米替林片,铝镁混悬液
1,盐酸阿米替林片,氢化可的松注射液
1,盐酸阿米替林片,紫杉醇注射液
1,盐酸阿米替林片,西咪替丁注射液
1,盐酸阿米替林片,卡马西平片
1,阿那曲唑片,氟维司群注射液
1,阿普唑仑片,氢氯噻嗪片
0,阿普唑仑片,西咪替丁注射液
1,阿普唑仑片,多巴丝肼片
1,阿普唑仑片,异烟肼片
1,阿普唑仑片,地高辛片
1,阿奇霉素片,伏立康唑片
1,阿奇霉素片,注射用伏立康唑
1,注射用阿奇霉素,伏立康唑片
1,注射用阿奇霉素,注射用伏立康唑
0,阿奇霉素片,卡马西平片
0,注射用阿奇霉素,卡马西平片
1,阿奇霉素片,芬太尼透皮贴剂
1,注射用阿奇霉素,芬太尼透皮贴剂
1,阿奇霉素片,咪达唑仑注射液
1,注射用阿奇霉素,咪达唑仑注射液
0,阿奇霉素片,环孢素软胶囊
0,注射用阿奇霉素,环孢素软胶囊
1,阿司匹林肠溶片,布洛芬颗粒
1,阿司匹林肠溶片,氨酚羟考酮片
1,阿司匹林肠溶片,氨酚曲马多片
1,阿司匹林肠溶片,氨酚双氢可待因片
1,阿司匹林肠溶片,对乙酰氨基酚缓释片
1,阿司匹林肠溶片,酚麻美敏胶囊
1,阿司匹林肠溶片,吉非替尼片
1,阿司匹林肠溶片,甲氨蝶呤注射液
1,阿司匹林肠溶片,注射用兰索拉唑
1,阿司匹林肠溶片,利伐沙班片
1,阿司匹林肠溶片,塞来昔布胶囊
1,阿司匹林肠溶片,双嘧达莫片
1,阿司匹林肠溶片,间苯三酚注射液
1,阿司匹林肠溶片,维生素C片
1,阿司匹林肠溶片,维生素C注射液
1,阿司匹林肠溶片,盐酸异丙嗪注射液
1,阿司匹林肠溶片,右旋糖酐铁片
1,阿司匹林肠溶片,长春西汀注射液
1,阿司匹林肠溶片,西洛他唑片
0,阿司匹林肠溶片,注射用尿激酶
1,阿司匹林肠溶片,格列吡嗪控释片
1,阿司匹林肠溶片,格列齐特缓释片
0,阿司匹林肠溶片,奥美拉唑碳酸氢钠胶囊
0,阿司匹林肠溶片,复方聚乙二醇电解质散
0,阿司匹林肠溶片,间苯三酚注射液
0,阿司匹林肠溶片,碳酸氢钠片
0,阿司匹林肠溶片,碳酸氢钠注射液
0,阿司匹林肠溶片,维生素C注射液
0,阿司匹林肠溶片,胃铋镁颗粒
1,醋酸钙胶囊,铝镁混悬液
1,醋酸钙胶囊,氢化可的松注射液
1,醋酸钙胶囊,紫杉醇注射液
1,醋酸钙片,铝镁混悬液
1,醋酸钙片,氢化可的松注射液
1,醋酸钙片,紫杉醇注射液
1,艾司奥美拉唑镁肠溶片,阿司匹林肠溶片
0,艾司唑仑片,西咪替丁注射液
1,艾司唑仑片,多巴丝肼片
1,艾司唑仑片,异烟肼片
1,艾司唑仑片,地高辛片
1,艾司唑仑片,卡马西平片
1,艾司唑仑片,铝镁混悬液
1,艾司唑仑片,氢化可的松注射液
1,艾司唑仑片,紫杉醇注射液
1,氨茶碱片,地西泮片
1,氨茶碱片,地西泮注射液
1,氨茶碱注射液,地西泮片
1,氨茶碱注射液,地西泮注射液
1,复方甲氧那明胶囊,地西泮片
1,复方甲氧那明胶囊,地西泮注射液
0,氨茶碱片,乳酸环丙沙星氯化钠注射液
0,氨茶碱注射液,乳酸环丙沙星氯化钠注射液
0,复方甲氧那明胶囊,乳酸环丙沙星氯化钠注射液
0,氨茶碱片,氧氟沙星滴眼液
0,氨茶碱注射液,氧氟沙星滴眼液
0,复方甲氧那明胶囊,氧氟沙星滴眼液
0,氨茶碱片,左氧氟沙星滴眼液
0,氨茶碱片,左氧氟沙星氯化钠注射液
0,氨茶碱片,左氧氟沙星片
0,氨茶碱注射液,左氧氟沙星滴眼液
0,氨茶碱注射液,左氧氟沙星氯化钠注射液
0,氨茶碱注射液,左氧氟沙星片
0,复方甲氧那明胶囊,左氧氟沙星滴眼液
0,复方甲氧那明胶囊,左氧氟沙星氯化钠注射液
0,复方甲氧那明胶囊,左氧氟沙星片
1,氨茶碱片,苯巴比妥片
1,氨茶碱注射液,苯巴比妥片
1,复方甲氧那明胶囊,苯巴比妥片
1,氨茶碱片,西咪替丁注射液
1,氨茶碱注射液,西咪替丁注射液
1,复方甲氧那明胶囊,西咪替丁注射液
1,氨茶碱片,卡马西平片
1,氨茶碱注射液,卡马西平片
1,复方甲氧那明胶囊,卡马西平片
1,奥氮平片,氨茶碱片
1,奥氮平片,氨茶碱注射液
1,奥氮平片,复方甲氧那明胶囊
1,奥氮平片,卡马西平片
0,奥氮平片,铝镁混悬液
0,奥氮平片,氢化可的松注射液
0,奥氮平片,紫杉醇注射液
1,奥美拉唑肠溶胶囊,阿司匹林肠溶片
1,奥美拉唑碳酸氢钠胶囊,阿司匹林肠溶片
1,奥美拉唑肠溶胶囊,多潘立酮片
1,奥美拉唑碳酸氢钠胶囊,多潘立酮片
1,奥美拉唑肠溶胶囊,伏立康唑片
1,奥美拉唑肠溶胶囊,注射用伏立康唑
1,奥美拉唑碳酸氢钠胶囊,伏立康唑片
1,奥美拉唑碳酸氢钠胶囊,注射用伏立康唑
1,奥美拉唑肠溶胶囊,乳酸环丙沙星氯化钠注射液
1,奥美拉唑碳酸氢钠胶囊,乳酸环丙沙星氯化钠注射液
1,奥美拉唑肠溶胶囊,甲氨蝶呤注射液
1,奥美拉唑碳酸氢钠胶囊,甲氨蝶呤注射液
1,奥美拉唑肠溶胶囊,西洛他唑片
1,奥美拉唑碳酸氢钠胶囊,西洛他唑片
0,奥美拉唑肠溶胶囊,氟康唑胶囊
0,奥美拉唑肠溶胶囊,氟康唑氯化钠注射液
0,奥美拉唑碳酸氢钠胶囊,氟康唑胶囊
0,奥美拉唑碳酸氢钠胶囊,氟康唑氯化钠注射液
0,奥美拉唑肠溶胶囊,地西泮片
0,奥美拉唑肠溶胶囊,地西泮注射液
0,奥美拉唑碳酸氢钠胶囊,地西泮片
0,奥美拉唑碳酸氢钠胶囊,地西泮注射液
0,奥美拉唑肠溶胶囊,硝苯地平控释片
0,奥美拉唑肠溶胶囊,硝苯地平片
0,奥美拉唑碳酸氢钠胶囊,硝苯地平控释片
0,奥美拉唑碳酸氢钠胶囊,硝苯地平片
0,奥美拉唑肠溶胶囊,地高辛片
0,奥美拉唑碳酸氢钠胶囊,地高辛片
0,奥美拉唑肠溶胶囊,环孢素软胶囊
0,奥美拉唑碳酸氢钠胶囊,环孢素软胶囊
1,奥美拉唑肠溶胶囊,米曲菌胰酶片
1,奥美拉唑肠溶胶囊,胰酶肠溶胶囊
1,奥美拉唑肠溶胶囊,胰酶肠溶片
1,奥美拉唑碳酸氢钠胶囊,米曲菌胰酶片
1,奥美拉唑碳酸氢钠胶囊,胰酶肠溶胶囊
1,奥美拉唑碳酸氢钠胶囊,胰酶肠溶片
0,奥美拉唑肠溶胶囊,间苯三酚注射液
0,奥美拉唑肠溶胶囊,维生素C片
0,奥美拉唑肠溶胶囊,维生素C注射液
0,奥美拉唑肠溶胶囊,盐酸异丙嗪注射液
0,奥美拉唑肠溶胶囊,右旋糖酐铁片
0,奥美拉唑肠溶胶囊,长春西汀注射液
0,奥美拉唑碳酸氢钠胶囊,间苯三酚注射液
0,奥美拉唑碳酸氢钠胶囊,维生素C片
0,奥美拉唑碳酸氢钠胶囊,维生素C注射液
0,奥美拉唑碳酸氢钠胶囊,盐酸异丙嗪注射液
0,奥美拉唑碳酸氢钠胶囊,右旋糖酐铁片
0,奥美拉唑碳酸氢钠胶囊,长春西汀注射液
1,注射用醋酸奥曲肽微球,多西他赛注射液
1,注射用醋酸奥曲肽微球,环孢素软胶囊
0,注射用醋酸奥曲肽微球,西咪替丁注射液
0,巴氯芬片,盐酸阿米替林片
1,巴氯芬片,铝镁混悬液
1,巴氯芬片,氢化可的松注射液
1,巴氯芬片,紫杉醇注射液
0,巴氯芬片,多巴丝肼片
1,苯巴比妥片,醋酸地塞米松片
1,苯巴比妥片,妥布霉素地塞米松滴眼液
1,苯巴比妥片,拉莫三嗪片
0,苯巴比妥片,氨酚羟考酮片
0,苯巴比妥片,氨酚曲马多片
0,苯巴比妥片,氨酚双氢可待因片
0,苯巴比妥片,对乙酰氨基酚缓释片
0,苯巴比妥片,酚麻美敏胶囊
0,苯巴比妥片,氟哌啶醇注射液
1,苯巴比妥片,环孢素软胶囊
0,苯巴比妥片,布洛芬颗粒
1,苯巴比妥片,卡马西平片
1,苯巴比妥片,注射用环磷酰胺
0,苯巴比妥片,伏立康唑片
0,苯巴比妥片,注射用伏立康唑
1,苯巴比妥片,铝镁混悬液
1,苯巴比妥片,氢化可的松注射液
1,苯巴比妥片,紫杉醇注射液
1,苯溴马隆片,吡嗪酰胺片
1,盐酸吡格列酮片,复方磺胺甲噁唑片
1,盐酸吡格列酮片,辛伐他汀片
1,盐酸吡格列酮片,地高辛片
1,盐酸吡格列酮片,格列吡嗪控释片
1,盐酸吡格列酮片,盐酸二甲双胍片
0,丙泊酚注射液,地西泮片
0,丙泊酚注射液,地西泮注射液
0,丙泊酚注射液,咪达唑仑注射液
1,泊沙康唑口服混悬液,注射用醋酸卡泊芬净
1,吸入用布地奈德混悬液,甲硝唑氯化钠注射液
1,布洛芬颗粒,伏立康唑片
1,布洛芬颗粒,注射用伏立康唑
1,布洛芬颗粒,氟康唑胶囊
1,布洛芬颗粒,氟康唑氯化钠注射液
1,布洛芬颗粒,甲氨蝶呤注射液
0,布洛芬颗粒,氨酚羟考酮片
0,布洛芬颗粒,氨酚曲马多片
0,布洛芬颗粒,氨酚双氢可待因片
0,布洛芬颗粒,对乙酰氨基酚缓释片
0,布洛芬颗粒,酚麻美敏胶囊
1,布洛芬颗粒,呋塞米片
1,布洛芬颗粒,呋塞米注射液
1,布洛芬颗粒,硝苯地平控释片
1,布洛芬颗粒,硝苯地平片
1,布洛芬颗粒,地高辛片
1,达肝素钠注射液,甲磺酸酚妥拉明注射液
1,达肝素钠注射液,蒙脱石散
1,达肝素钠注射液,葡萄糖氯化钠注射液
1,达肝素钠注射液,亚甲蓝注射液
1,达肝素钠注射液,右旋糖酐01葡萄糖注射液
1,单硝酸异山梨酯缓释胶囊,吸入用乙酰半胱氨酸溶液
1,单硝酸异山梨酯缓释胶囊,乙酰半胱氨酸颗粒
0,单硝酸异山梨酯缓释胶囊,铝镁混悬液
0,单硝酸异山梨酯缓释胶囊,氢化可的松注射液
0,单硝酸异山梨酯缓释胶囊,紫杉醇注射液
1,地高辛片,阿加曲班注射液
0,地高辛片,阿卡波糖片
1,地高辛片,阿瑞匹坦胶囊
1,地高辛片,伏立康唑片
1,地高辛片,注射用伏立康唑
1,地高辛片,红霉素软膏
1,地高辛片,红霉素眼膏
1,地高辛片,双嘧达莫片
1,地高辛片,硝酸异山梨酯片
1,地高辛片,左氧氟沙星滴眼液
1,地高辛片,左氧氟沙星氯化钠注射液
1,地高辛片,左氧氟沙星片
0,地高辛片,柳氮磺吡啶肠溶片
1,地高辛片,螺内酯片
0,地高辛片,硫酸镁注射液
0,地高辛片,盐酸甲氧氯普胺注射液
1,地西泮片,奥美拉唑肠溶胶囊
1,地西泮片,奥美拉唑碳酸氢钠胶囊
1,地西泮注射液,奥美拉唑肠溶胶囊
1,地西泮注射液,奥美拉唑碳酸氢钠胶囊
1,地西泮片,伏立康唑片
1,地西泮片,注射用伏立康唑
1,地西泮注射液,伏立康唑片
1,地西泮注射液,注射用伏立康唑
1,地西泮片,氟康唑胶囊
1,地西泮片,氟康唑氯化钠注射液
1,地西泮注射液,氟康唑胶囊
1,地西泮注射液,氟康唑氯化钠注射液
1,地西泮片,红霉素软膏
1,地西泮片,红霉素眼膏
1,地西泮注射液,红霉素软膏
1,地西泮注射液,红霉素眼膏
1,地西泮片,乳酸环丙沙星氯化钠注射液
1,地西泮注射液,乳酸环丙沙星氯化钠注射液
1,地西泮片,注射用兰索拉唑
1,地西泮注射液,注射用兰索拉唑
1,地西泮片,尼莫地平片
1,地西泮注射液,尼莫地平片
1,地西泮片,铝镁混悬液
1,地西泮片,氢化可的松注射液
1,地西泮片,紫杉醇注射液
1,地西泮注射液,铝镁混悬液
1,地西泮注射液,氢化可的松注射液
1,地西泮注射液,紫杉醇注射液
0,地西泮片,西咪替丁注射液
0,地西泮注射液,西咪替丁注射液
1,地西泮片,多巴丝肼片
1,地西泮注射液,多巴丝肼片
1,地西泮片,地高辛片
1,地西泮注射液,地高辛片
1,氨酚羟考酮片,阿加曲班注射液
1,氨酚曲马多片,阿加曲班注射液
1,氨酚双氢可待因片,阿加曲班注射液
1,对乙酰氨基酚缓释片,阿加曲班注射液
1,酚麻美敏胶囊,阿加曲班注射液
1,氨酚羟考酮片,乳酸环丙沙星氯化钠注射液
1,氨酚曲马多片,乳酸环丙沙星氯化钠注射液
1,氨酚双氢可待因片,乳酸环丙沙星氯化钠注射液
1,对乙酰氨基酚缓释片,乳酸环丙沙星氯化钠注射液
1,酚麻美敏胶囊,乳酸环丙沙星氯化钠注射液
1,氨酚羟考酮片,卡马西平片
1,氨酚曲马多片,卡马西平片
1,氨酚双氢可待因片,卡马西平片
1,对乙酰氨基酚缓释片,卡马西平片
1,酚麻美敏胶囊,卡马西平片
1,氨酚羟考酮片,注射用兰索拉唑
1,氨酚曲马多片,注射用兰索拉唑
1,氨酚双氢可待因片,注射用兰索拉唑
1,对乙酰氨基酚缓释片,注射用兰索拉唑
1,酚麻美敏胶囊,注射用兰索拉唑
0,氨酚羟考酮片,异烟肼片
0,氨酚曲马多片,异烟肼片
0,氨酚双氢可待因片,异烟肼片
0,对乙酰氨基酚缓释片,异烟肼片
0,酚麻美敏胶囊,异烟肼片
0,氨酚羟考酮片,阿司匹林肠溶片
0,氨酚曲马多片,阿司匹林肠溶片
0,氨酚双氢可待因片,阿司匹林肠溶片
0,对乙酰氨基酚缓释片,阿司匹林肠溶片
0,酚麻美敏胶囊,阿司匹林肠溶片
1,多潘立酮片,氨酚羟考酮片
1,多潘立酮片,氨酚曲马多片
1,多潘立酮片,氨酚双氢可待因片
1,多潘立酮片,对乙酰氨基酚缓释片
1,多潘立酮片,酚麻美敏胶囊
1,多潘立酮片,多巴丝肼片
0,多潘立酮片,地高辛片
0,多潘立酮片,盐酸甲氧氯普胺注射液
1,多潘立酮片,氨茶碱片
1,多潘立酮片,氨茶碱注射液
1,多潘立酮片,复方甲氧那明胶囊
1,多潘立酮片,维生素B0片
1,多潘立酮片,维生素B0注射液
1,多潘立酮片,红霉素软膏
1,多潘立酮片,红霉素眼膏
1,多潘立酮片,甘露醇注射液
1,多潘立酮片,甲钴胺注射液
1,多潘立酮片,甲磺酸多拉司琼注射液
1,多潘立酮片,盐酸帕洛诺司琼注射液
1,多潘立酮片,乙酰半胱氨酸颗粒
1,多潘立酮片,重组人粒细胞刺激因子注射液
1,多潘立酮片,注射用奥沙利铂
1,多潘立酮片,注射用兰索拉唑
1,多潘立酮片,注射用氯诺昔康
1,多潘立酮片,注射用帕米膦酸二钠
1,多潘立酮片,注射用泮托拉唑钠
1,多潘立酮片,注射用培美曲塞二钠
1,多潘立酮片,注射用生长抑素
1,多潘立酮片,注射用特利加压素
1,多潘立酮片,注射用腺苷钴胺
1,多潘立酮片,注射用亚叶酸钙
1,多潘立酮片,注射用异环磷酰胺
1,多潘立酮片,注射用长春西汀
1,多潘立酮片,注射用左卡尼汀
1,多潘立酮片,注射用唑来膦酸
1,多潘立酮片,唑来膦酸注射液
1,厄贝沙坦片,辛伐他汀片
0,盐酸二甲双胍片,盐酸甲氧氯普胺注射液
1,盐酸二甲双胍片,西咪替丁注射液
1,非洛地平缓释片,铝镁混悬液
1,非洛地平缓释片,地高辛片
1,非洛地平缓释片,地西泮片
1,非洛地平缓释片,地西泮注射液
1,非洛地平缓释片,红霉素软膏
1,非洛地平缓释片,红霉素眼膏
1,非洛地平缓释片,环孢素软胶囊
1,非洛地平缓释片,西咪替丁注射液
1,非洛地平缓释片,卡马西平片
1,非洛地平缓释片,苯巴比妥片
1,非诺贝特胶囊,依折麦布片
1,芬太尼透皮贴剂,铝镁混悬液
1,芬太尼透皮贴剂,氢化可的松注射液
1,芬太尼透皮贴剂,紫杉醇注射液
1,芬太尼透皮贴剂,地西泮片
1,芬太尼透皮贴剂,地西泮注射液
1,呋塞米片,布洛芬颗粒
1,呋塞米注射液,布洛芬颗粒
1,呋塞米片,托伐普坦片
1,呋塞米注射液,托伐普坦片
0,呋塞米片,盐酸肾上腺素注射液
0,呋塞米注射液,盐酸肾上腺素注射液
0,呋塞米片,奥美拉唑碳酸氢钠胶囊
0,呋塞米片,复方聚乙二醇电解质散
0,呋塞米片,间苯三酚注射液
0,呋塞米片,碳酸氢钠片
0,呋塞米片,碳酸氢钠注射液
0,呋塞米片,维生素C注射液
0,呋塞米片,胃铋镁颗粒
0,呋塞米注射液,奥美拉唑碳酸氢钠胶囊
0,呋塞米注射液,复方聚乙二醇电解质散
0,呋塞米注射液,间苯三酚注射液
0,呋塞米注射液,碳酸氢钠片
0,呋塞米注射液,碳酸氢钠注射液
0,呋塞米注射液,维生素C注射液
0,呋塞米注射液,胃铋镁颗粒
1,呋塞米片,铝镁混悬液
1,呋塞米片,氢化可的松注射液
1,呋塞米片,紫杉醇注射液
1,呋塞米注射液,铝镁混悬液
1,呋塞米注射液,氢化可的松注射液
1,呋塞米注射液,紫杉醇注射液
0,呋塞米片,阿司匹林肠溶片
0,呋塞米注射液,阿司匹林肠溶片
1,伏立康唑片,芬太尼透皮贴剂
1,注射用伏立康唑,芬太尼透皮贴剂
1,伏立康唑片,格列美脲片
1,注射用伏立康唑,格列美脲片
1,伏立康唑片,依维莫司片
1,注射用伏立康唑,依维莫司片
1,伏立康唑片,卡马西平片
1,注射用伏立康唑,卡马西平片
1,伏立康唑片,苯巴比妥片
1,注射用伏立康唑,苯巴比妥片
0,伏立康唑片,环孢素软胶囊
0,注射用伏立康唑,环孢素软胶囊
1,氟康唑胶囊,芬太尼透皮贴剂
1,氟康唑氯化钠注射液,芬太尼透皮贴剂
1,氟康唑胶囊,依维莫司片
1,氟康唑氯化钠注射液,依维莫司片
1,氟康唑胶囊,异烟肼片
1,氟康唑氯化钠注射液,异烟肼片
1,氟康唑胶囊,环孢素软胶囊
1,氟康唑氯化钠注射液,环孢素软胶囊
1,氟康唑胶囊,氢氯噻嗪片
1,氟康唑氯化钠注射液,氢氯噻嗪片
1,氟哌啶醇注射液,铝镁混悬液
1,氟哌啶醇注射液,氢化可的松注射液
1,氟哌啶醇注射液,紫杉醇注射液
0,氟哌啶醇注射液,盐酸肾上腺素注射液
1,氟哌啶醇注射液,卡马西平片
1,氟他胺片,辛伐他汀片
1,复方甘草酸苷片,西洛他唑片
1,复方甘草酸苷注射液,西洛他唑片
0,格列吡嗪控释片,奥美拉唑碳酸氢钠胶囊
0,格列吡嗪控释片,复方聚乙二醇电解质散
0,格列吡嗪控释片,间苯三酚注射液
0,格列吡嗪控释片,碳酸氢钠片
0,格列吡嗪控释片,碳酸氢钠注射液
0,格列吡嗪控释片,维生素C注射液
0,格列吡嗪控释片,胃铋镁颗粒
1,格列吡嗪控释片,西咪替丁注射液
0,格列吡嗪控释片,盐酸二甲双胍片
0,格列吡嗪控释片,阿卡波糖片
1,格列美脲片,氟康唑胶囊
1,格列美脲片,氟康唑氯化钠注射液
1,格列美脲片,注射用环磷酰胺
1,格列美脲片,铝镁混悬液
1,格列美脲片,氢化可的松注射液
1,格列美脲片,紫杉醇注射液
1,格列齐特缓释片,西咪替丁注射液
1,格列齐特缓释片,铝镁混悬液
1,格列齐特缓释片,氢化可的松注射液
1,格列齐特缓释片,紫杉醇注射液
0,格列齐特缓释片,阿卡波糖片
0,格列齐特缓释片,氟康唑胶囊
0,格列齐特缓释片,氟康唑氯化钠注射液
0,注射用更昔洛韦,盐酸多柔比星脂质体注射液
0,注射用更昔洛韦,复方磺胺甲噁唑片
0,注射用更昔洛韦,环孢素软胶囊
1,红霉素软膏,阿加曲班注射液
1,红霉素眼膏,阿加曲班注射液
1,红霉素软膏,注射用醋酸奥曲肽微球
1,红霉素眼膏,注射用醋酸奥曲肽微球
1,红霉素软膏,伏立康唑片
1,红霉素软膏,注射用伏立康唑
1,红霉素眼膏,伏立康唑片
1,红霉素眼膏,注射用伏立康唑
1,红霉素软膏,依维莫司片
1,红霉素眼膏,依维莫司片
0,红霉素软膏,卡马西平片
0,红霉素眼膏,卡马西平片
1,红霉素软膏,芬太尼透皮贴剂
1,红霉素眼膏,芬太尼透皮贴剂
0,红霉素软膏,地高辛片
0,红霉素眼膏,地高辛片
0,红霉素软膏,咪达唑仑注射液
0,红霉素眼膏,咪达唑仑注射液
0,红霉素软膏,环孢素软胶囊
0,红霉素眼膏,环孢素软胶囊
1,环孢素软胶囊,阿奇霉素片
1,环孢素软胶囊,注射用阿奇霉素
1,环孢素软胶囊,泊沙康唑口服混悬液
1,环孢素软胶囊,伏立康唑片
1,环孢素软胶囊,注射用伏立康唑
1,环孢素软胶囊,氟康唑胶囊
1,环孢素软胶囊,氟康唑氯化钠注射液
1,环孢素软胶囊,吗替麦考酚酯分散片
1,环孢素软胶囊,吗替麦考酚酯胶囊
1,环孢素软胶囊,盐酸莫西沙星片
1,环孢素软胶囊,依维莫司片
1,环孢素软胶囊,依折麦布片
1,环孢素软胶囊,异烟肼片
1,环孢素软胶囊,左氧氟沙星滴眼液
1,环孢素软胶囊,左氧氟沙星氯化钠注射液
1,环孢素软胶囊,左氧氟沙星片
0,环孢素软胶囊,阿昔洛韦片
0,环孢素软胶囊,阿昔洛韦乳膏
0,环孢素软胶囊,注射用阿昔洛韦
0,环孢素软胶囊,乳酸环丙沙星氯化钠注射液
1,环孢素软胶囊,卡马西平片
1,环孢素软胶囊,复方磺胺甲噁唑片
0,环孢素软胶囊,呋塞米片
0,环孢素软胶囊,呋塞米注射液
0,环孢素软胶囊,甘露醇注射液
0,环孢素软胶囊,甲钴胺注射液
0,环孢素软胶囊,甲磺酸多拉司琼注射液
0,环孢素软胶囊,盐酸帕洛诺司琼注射液
0,环孢素软胶囊,乙酰半胱氨酸颗粒
0,环孢素软胶囊,重组人粒细胞刺激因子注射液
0,环孢素软胶囊,注射用奥沙利铂
0,环孢素软胶囊,注射用兰索拉唑
0,环孢素软胶囊,注射用氯诺昔康
0,环孢素软胶囊,注射用帕米膦酸二钠
0,环孢素软胶囊,注射用泮托拉唑钠
0,环孢素软胶囊,注射用培美曲塞二钠
0,环孢素软胶囊,注射用生长抑素
0,环孢素软胶囊,注射用特利加压素
0,环孢素软胶囊,注射用腺苷钴胺
0,环孢素软胶囊,注射用亚叶酸钙
0,环孢素软胶囊,注射用异环磷酰胺
0,环孢素软胶囊,注射用长春西汀
0,环孢素软胶囊,注射用左卡尼汀
0,环孢素软胶囊,注射用唑来膦酸
0,环孢素软胶囊,唑来膦酸注射液
0,环孢素软胶囊,红霉素软膏
0,环孢素软胶囊,红霉素眼膏
0,乳酸环丙沙星氯化钠注射液,环孢素软胶囊
1,注射用环磷酰胺,阿瑞匹坦胶囊
1,注射用环磷酰胺,氟康唑胶囊
1,注射用环磷酰胺,氟康唑氯化钠注射液
1,注射用环磷酰胺,卡铂注射液
1,注射用环磷酰胺,卡培他滨片
1,注射用环磷酰胺,替吉奥胶囊
1,注射用环磷酰胺,秋水仙碱片
0,注射用环磷酰胺,盐酸多柔比星脂质体注射液
1,甲氨蝶呤注射液,多西他赛注射液
1,甲氨蝶呤注射液,塞来昔布胶囊
1,甲氨蝶呤注射液,依托考昔片
0,甲氨蝶呤注射液,铝镁混悬液
0,甲氨蝶呤注射液,氢化可的松注射液
0,甲氨蝶呤注射液,紫杉醇注射液
0,甲氨蝶呤注射液,氟尿嘧啶注射液
0,甲氨蝶呤注射液,阿司匹林肠溶片
1,甲硝唑氯化钠注射液,铝镁混悬液
1,甲硝唑氯化钠注射液,氢化可的松注射液
1,甲硝唑氯化钠注射液,紫杉醇注射液
1,盐酸甲氧氯普胺注射液,丙泊酚注射液
1,盐酸甲氧氯普胺注射液,地西泮片
1,盐酸甲氧氯普胺注射液,地西泮注射液
0,盐酸甲氧氯普胺注射液,盐酸甲氧氯普胺注射液
1,盐酸甲氧氯普胺注射液,氨酚羟考酮片
1,盐酸甲氧氯普胺注射液,氨酚曲马多片
1,盐酸甲氧氯普胺注射液,氨酚双氢可待因片
1,盐酸甲氧氯普胺注射液,对乙酰氨基酚缓释片
1,盐酸甲氧氯普胺注射液,酚麻美敏胶囊
1,盐酸甲氧氯普胺注射液,多巴丝肼片
1,盐酸甲氧氯普胺注射液,环孢素软胶囊
0,盐酸甲氧氯普胺注射液,西咪替丁注射液
1,盐酸甲氧氯普胺注射液,铝镁混悬液
1,盐酸甲氧氯普胺注射液,氢化可的松注射液
1,盐酸甲氧氯普胺注射液,紫杉醇注射液
1,盐酸甲氧氯普胺注射液,硫酸镁注射液
0,盐酸甲氧氯普胺注射液,甲硝唑氯化钠注射液
1,复方聚乙二醇电解质散,地高辛片
1,格列吡嗪控释片,地高辛片
1,卡铂注射液,环孢素软胶囊
1,卡马西平片,奥氮平片
1,卡马西平片,奥美拉唑肠溶胶囊
1,卡马西平片,奥美拉唑碳酸氢钠胶囊
1,卡马西平片,氟康唑胶囊
1,卡马西平片,氟康唑氯化钠注射液
1,卡马西平片,拉莫三嗪片
1,卡马西平片,环孢素软胶囊
0,卡马西平片,红霉素软膏
0,卡马西平片,红霉素眼膏
0,卡马西平片,氟哌啶醇注射液
1,卡马西平片,苯巴比妥片
1,卡马西平片,氨酚羟考酮片
1,卡马西平片,氨酚曲马多片
1,卡马西平片,氨酚双氢可待因片
1,卡马西平片,对乙酰氨基酚缓释片
1,卡马西平片,酚麻美敏胶囊
1,卡马西平片,伏立康唑片
1,卡马西平片,注射用伏立康唑
1,卡马西平片,托伐普坦片
1,拉莫三嗪片,奥氮平片
0,拉莫三嗪片,卡马西平片
0,拉莫三嗪片,氨酚羟考酮片
0,拉莫三嗪片,氨酚曲马多片
0,拉莫三嗪片,氨酚双氢可待因片
0,拉莫三嗪片,对乙酰氨基酚缓释片
0,拉莫三嗪片,酚麻美敏胶囊
1,拉莫三嗪片,丙戊酸钠缓释片
1,拉莫三嗪片,丙戊酸钠口服溶液
1,拉莫三嗪片,注射用丙戊酸钠
1,注射用兰索拉唑,氨酚羟考酮片
1,注射用兰索拉唑,氨酚曲马多片
1,注射用兰索拉唑,氨酚双氢可待因片
1,注射用兰索拉唑,对乙酰氨基酚缓释片
1,注射用兰索拉唑,酚麻美敏胶囊
1,注射用兰索拉唑,地西泮片
1,注射用兰索拉唑,地西泮注射液
1,葡萄糖酸钙注射液,铝镁混悬液
1,葡萄糖酸钙注射液,氢化可的松注射液
1,葡萄糖酸钙注射液,紫杉醇注射液
1,复方利多卡因乳膏,奥美拉唑肠溶胶囊
1,复方利多卡因乳膏,奥美拉唑碳酸氢钠胶囊
1,复方利多卡因乳膏,丙泊酚注射液
1,复方利多卡因乳膏,红霉素软膏
1,复方利多卡因乳膏,红霉素眼膏
1,复方利多卡因乳膏,乳酸环丙沙星氯化钠注射液
1,复方利多卡因乳膏,咪达唑仑注射液
1,复方利多卡因乳膏,苯巴比妥片
1,复方利多卡因乳膏,西咪替丁注射液
1,利格列汀片,盐酸吡格列酮片
1,利格列汀片,地高辛片
1,利格列汀片,盐酸二甲双胍片
1,利格列汀片,辛伐他汀片
1,利奈唑胺葡萄糖注射液,间苯三酚注射液
1,利奈唑胺葡萄糖注射液,维生素C片
1,利奈唑胺葡萄糖注射液,维生素C注射液
1,利奈唑胺葡萄糖注射液,盐酸异丙嗪注射液
1,利奈唑胺葡萄糖注射液,右旋糖酐铁片
1,利奈唑胺葡萄糖注射液,长春西汀注射液
1,利奈唑胺注射液,间苯三酚注射液
1,利奈唑胺注射液,维生素C片
1,利奈唑胺注射液,维生素C注射液
1,利奈唑胺注射液,盐酸异丙嗪注射液
1,利奈唑胺注射液,右旋糖酐铁片
1,利奈唑胺注射液,长春西汀注射液
0,利奈唑胺葡萄糖注射液,铝镁混悬液
0,利奈唑胺葡萄糖注射液,氢化可的松注射液
0,利奈唑胺葡萄糖注射液,紫杉醇注射液
0,利奈唑胺注射液,铝镁混悬液
0,利奈唑胺注射液,氢化可的松注射液
0,利奈唑胺注射液,紫杉醇注射液
0,利奈唑胺葡萄糖注射液,地西泮片
0,利奈唑胺葡萄糖注射液,地西泮注射液
0,利奈唑胺注射液,地西泮片
0,利奈唑胺注射液,地西泮注射液
0,利奈唑胺葡萄糖注射液,红霉素软膏
0,利奈唑胺葡萄糖注射液,红霉素眼膏
0,利奈唑胺注射液,红霉素软膏
0,利奈唑胺注射液,红霉素眼膏
1,硫酸镁注射液,丙泊酚注射液
0,硫酸镁注射液,钠钾镁钙葡萄糖注射液
0,硫酸镁注射液,葡萄糖酸钙注射液
0,硫酸镁注射液,盐酸多巴酚丁胺注射液
0,硫酸镁注射液,盐酸普鲁卡因注射液
1,硫酸镁注射液,地高辛片
1,硫酸镁注射液,异烟肼片
1,柳氮磺吡啶肠溶片,甲泼尼龙片
0,柳氮磺吡啶肠溶片,甲氨蝶呤注射液
0,螺内酯片,地高辛片
1,螺内酯片,氢氯噻嗪片
1,吗替麦考酚酯分散片,阿昔洛韦片
1,吗替麦考酚酯分散片,阿昔洛韦乳膏
1,吗替麦考酚酯分散片,注射用阿昔洛韦
1,吗替麦考酚酯胶囊,阿昔洛韦片
1,吗替麦考酚酯胶囊,阿昔洛韦乳膏
1,吗替麦考酚酯胶囊,注射用阿昔洛韦
1,吗替麦考酚酯分散片,缬沙坦胶囊
1,吗替麦考酚酯胶囊,缬沙坦胶囊
1,咪达唑仑注射液,阿奇霉素片
1,咪达唑仑注射液,注射用阿奇霉素
1,咪达唑仑注射液,阿瑞匹坦胶囊
1,咪达唑仑注射液,丙泊酚注射液
1,咪达唑仑注射液,泊沙康唑口服混悬液
1,咪达唑仑注射液,伏立康唑片
1,咪达唑仑注射液,注射用伏立康唑
1,咪达唑仑注射液,红霉素软膏
1,咪达唑仑注射液,红霉素眼膏
1,咪达唑仑注射液,甲硝唑氯化钠注射液
0,咪达唑仑注射液,铝镁混悬液
0,咪达唑仑注射液,氢化可的松注射液
0,咪达唑仑注射液,紫杉醇注射液
1,咪达唑仑注射液,西咪替丁注射液
1,复方甲氧那明胶囊,奥美拉唑肠溶胶囊
1,复方甲氧那明胶囊,奥美拉唑碳酸氢钠胶囊
1,尼莫地平片,西咪替丁注射液
0,尼莫地平片,芬太尼透皮贴剂
1,尼莫地平片,地高辛片
0,普罗布考片,环孢素软胶囊
1,盐酸普罗帕酮片,地高辛片
1,盐酸普罗帕酮片,西咪替丁注射液
1,氢氯噻嗪片,布洛芬颗粒
1,氢氯噻嗪片,氨酚羟考酮片
1,氢氯噻嗪片,氨酚曲马多片
1,氢氯噻嗪片,氨酚双氢可待因片
1,氢氯噻嗪片,对乙酰氨基酚缓释片
1,氢氯噻嗪片,酚麻美敏胶囊
1,氢氯噻嗪片,呋塞米片
1,氢氯噻嗪片,呋塞米注射液
1,氢氯噻嗪片,卡马西平片
1,氢氯噻嗪片,坎地沙坦酯片
1,氢氯噻嗪片,托伐普坦片
1,氢氯噻嗪片,缬沙坦胶囊
0,氢氯噻嗪片,奥美拉唑碳酸氢钠胶囊
0,氢氯噻嗪片,复方聚乙二醇电解质散
0,氢氯噻嗪片,间苯三酚注射液
0,氢氯噻嗪片,碳酸氢钠片
0,氢氯噻嗪片,碳酸氢钠注射液
0,氢氯噻嗪片,维生素C注射液
0,氢氯噻嗪片,胃铋镁颗粒
0,氢氯噻嗪片,阿司匹林肠溶片
0,氢氯噻嗪片,维生素AD软胶囊
0,氢氯噻嗪片,复方磺胺甲噁唑片
1,氢氯噻嗪片,醋酸钠林格注射液
1,氢氯噻嗪片,丁苯酞氯化钠注射液
1,氢氯噻嗪片,丁溴东莨菪碱注射液
1,氢氯噻嗪片,多索茶碱氯化钠注射液
1,氢氯噻嗪片,多索茶碱注射液
1,氢氯噻嗪片,呋塞米注射液
1,氢氯噻嗪片,氟康唑氯化钠注射液
1,氢氯噻嗪片,复方聚乙二醇电解质散
1,氢氯噻嗪片,复方氯化钠注射液
1,氢氯噻嗪片,肝素钠注射液
1,氢氯噻嗪片,格列吡嗪控释片
1,氢氯噻嗪片,甲钴胺注射液
1,氢氯噻嗪片,甲硝唑氯化钠注射液
1,氢氯噻嗪片,聚明胶肽注射液
1,氢氯噻嗪片,氯化钠注射液
1,氢氯噻嗪片,钠钾镁钙葡萄糖注射液
1,氢氯噻嗪片,葡萄糖氯化钠注射液
1,氢氯噻嗪片,葡萄糖酸钙锌口服溶液
1,氢氯噻嗪片,羟乙基淀粉111/1.0氯化钠注射液
1,氢氯噻嗪片,乳酸环丙沙星氯化钠注射液
1,氢氯噻嗪片,三磷酸腺苷二钠注射液
1,氢氯噻嗪片,生理氯化钠溶液
1,氢氯噻嗪片,舒洛地特注射液
1,氢氯噻嗪片,顺铂注射液
1,氢氯噻嗪片,维生素B注射液
1,氢氯噻嗪片,维生素B1注射液
1,氢氯噻嗪片,盐酸昂丹司琼注射液
1,氢氯噻嗪片,盐酸多巴胺注射液
1,氢氯噻嗪片,盐酸利多卡因注射液
1,氢氯噻嗪片,盐酸普鲁卡因注射液
1,氢氯噻嗪片,盐酸肾上腺素注射液
1,氢氯噻嗪片,盐酸托烷司琼注射液
1,氢氯噻嗪片,盐酸异丙嗪注射液
1,氢氯噻嗪片,重酒石酸间羟胺注射液
1,氢氯噻嗪片,重酒石酸去甲肾上腺素注射液
1,氢氯噻嗪片,注射用白眉蛇毒血凝酶
1,氢氯噻嗪片,注射用亚叶酸钙
1,氢氯噻嗪片,门冬胰岛素11注射液
1,氢氯噻嗪片,门冬胰岛素注射液
1,秋水仙碱片,阿奇霉素片
1,秋水仙碱片,注射用阿奇霉素
1,秋水仙碱片,环孢素软胶囊
1,秋水仙碱片,辛伐他汀片
1,复方谷氨酰胺肠溶胶囊,咪达唑仑注射液
1,麝香保心丸,盐酸托烷司琼注射液
1,麝香保心丸,注射用特利加压素
1,瑞格列奈片,地高辛片
1,瑞格列奈片,非诺贝特胶囊
1,瑞格列奈片,环孢素软胶囊
1,瑞格列奈片,西咪替丁注射液
1,瑞格列奈片,注射用醋酸奥曲肽微球
1,瑞格列奈片,铝镁混悬液
1,瑞格列奈片,氢化可的松注射液
1,瑞格列奈片,紫杉醇注射液
1,硫酸沙丁胺醇吸入气雾剂,吸入用复方异丙托溴铵溶液
1,硫酸沙丁胺醇吸入气雾剂,吸入用异丙托溴铵溶液
1,沙格列汀片,盐酸吡格列酮片
1,沙格列汀片,盐酸二甲双胍片
1,沙格列汀片,辛伐他汀片
1,双嘧达莫片,氟尿嘧啶注射液
1,双嘧达莫片,甲氨蝶呤注射液
1,双嘧达莫片,西洛他唑片
1,双嘧达莫片,阿司匹林肠溶片
1,枸橼酸他莫昔芬片,依西美坦片
0,枸橼酸他莫昔芬片,西咪替丁注射液
0,碳酸钙片,乳酸环丙沙星氯化钠注射液
1,碳酸钙片,氧氟沙星滴眼液
1,碳酸钙片,维生素AD软胶囊
1,托伐普坦片,地高辛片
1,托拉塞米注射液,厄贝沙坦片
0,托拉塞米注射液,盐酸肾上腺素注射液
0,托拉塞米注射液,奥美拉唑碳酸氢钠胶囊
0,托拉塞米注射液,复方聚乙二醇电解质散
0,托拉塞米注射液,间苯三酚注射液
0,托拉塞米注射液,碳酸氢钠片
0,托拉塞米注射液,碳酸氢钠注射液
0,托拉塞米注射液,维生素C注射液
0,托拉塞米注射液,胃铋镁颗粒
1,托拉塞米注射液,铝镁混悬液
1,托拉塞米注射液,氢化可的松注射液
1,托拉塞米注射液,紫杉醇注射液
0,托拉塞米注射液,阿司匹林肠溶片
1,维格列汀片,盐酸吡格列酮片
1,维格列汀片,盐酸二甲双胍片
1,维格列汀片,地高辛片
1,维格列汀片,辛伐他汀片
1,维格列汀片,缬沙坦胶囊
0,维生素AD软胶囊,苯巴比妥片
1,西洛他唑片,普罗布考片
1,西洛他唑片,红霉素软膏
1,西洛他唑片,红霉素眼膏
1,西咪替丁注射液,阿普唑仑片
1,西咪替丁注射液,布洛芬颗粒
1,西咪替丁注射液,地高辛片
1,西咪替丁注射液,氨酚羟考酮片
1,西咪替丁注射液,氨酚曲马多片
1,西咪替丁注射液,氨酚双氢可待因片
1,西咪替丁注射液,对乙酰氨基酚缓释片
1,西咪替丁注射液,酚麻美敏胶囊
1,西咪替丁注射液,伏立康唑片
1,西咪替丁注射液,注射用伏立康唑
1,西咪替丁注射液,卡马西平片
1,西咪替丁注射液,拉莫三嗪片
1,西咪替丁注射液,复方利多卡因乳膏
1,西咪替丁注射液,氯雷他定片
1,西咪替丁注射液,注射用氯诺昔康
1,西咪替丁注射液,咪达唑仑注射液
1,西咪替丁注射液,硝苯地平控释片
1,西咪替丁注射液,硝苯地平片
1,西咪替丁注射液,依巴斯汀片
1,西咪替丁注射液,铝镁混悬液
1,西咪替丁注射液,氢化可的松注射液
1,西咪替丁注射液,紫杉醇注射液
1,西咪替丁注射液,阿司匹林肠溶片
1,西咪替丁注射液,环孢素软胶囊
1,西咪替丁注射液,盐酸甲氧氯普胺注射液
1,硝苯地平控释片,盐酸二甲双胍片
1,硝苯地平片,盐酸二甲双胍片
1,硝苯地平控释片,西咪替丁注射液
1,硝苯地平片,西咪替丁注射液
1,硝酸甘油注射液,阿司匹林肠溶片
0,硝酸甘油注射液,铝镁混悬液
0,硝酸甘油注射液,氢化可的松注射液
0,硝酸甘油注射液,紫杉醇注射液
1,缬沙坦胶囊,呋塞米片
1,缬沙坦胶囊,呋塞米注射液
1,缬沙坦胶囊,西咪替丁注射液
1,辛伐他汀片,吸入用布地奈德混悬液
1,辛伐他汀片,非诺贝特胶囊
1,辛伐他汀片,氟康唑胶囊
1,辛伐他汀片,氟康唑氯化钠注射液
1,辛伐他汀片,红霉素软膏
1,辛伐他汀片,红霉素眼膏
1,辛伐他汀片,环孢素软胶囊
1,辛伐他汀片,卡马西平片
1,辛伐他汀片,咪达唑仑注射液
1,辛伐他汀片,维格列汀片
1,辛伐他汀片,缬沙坦胶囊
1,复方消化酶胶囊,环孢素软胶囊
1,熊去氧胆酸软胶囊,环孢素软胶囊
1,复方消化酶胶囊,咪达唑仑注射液
1,熊去氧胆酸软胶囊,咪达唑仑注射液
1,复方消化酶胶囊,辛伐他汀片
1,熊去氧胆酸软胶囊,辛伐他汀片
1,溴吡斯的明片,硫酸沙丁胺醇吸入气雾剂
1,溴吡斯的明片,硫酸阿托品注射液
1,维生素B0注射液,硫酸阿托品注射液
1,维生素B0注射液,苯巴比妥片
1,维生素B0注射液,地高辛片
0,维生素B0注射液,肠内营养粉剂
0,维生素B0注射液,注射用水溶性维生素
1,依托考昔片,阿司匹林肠溶片
0,依托考昔片,芬太尼透皮贴剂
1,米曲菌胰酶片,奥美拉唑肠溶胶囊
1,米曲菌胰酶片,奥美拉唑碳酸氢钠胶囊
1,胰酶肠溶胶囊,奥美拉唑肠溶胶囊
1,胰酶肠溶胶囊,奥美拉唑碳酸氢钠胶囊
1,胰酶肠溶片,奥美拉唑肠溶胶囊
1,胰酶肠溶片,奥美拉唑碳酸氢钠胶囊
1,米曲菌胰酶片,环孢素软胶囊
1,胰酶肠溶胶囊,环孢素软胶囊
1,胰酶肠溶片,环孢素软胶囊
0,米曲菌胰酶片,奥美拉唑碳酸氢钠胶囊
0,米曲菌胰酶片,复方聚乙二醇电解质散
0,米曲菌胰酶片,间苯三酚注射液
0,米曲菌胰酶片,碳酸氢钠片
0,米曲菌胰酶片,碳酸氢钠注射液
0,米曲菌胰酶片,维生素C注射液
0,米曲菌胰酶片,胃铋镁颗粒
0,胰酶肠溶胶囊,奥美拉唑碳酸氢钠胶囊
0,胰酶肠溶胶囊,复方聚乙二醇电解质散
0,胰酶肠溶胶囊,间苯三酚注射液
0,胰酶肠溶胶囊,碳酸氢钠片
0,胰酶肠溶胶囊,碳酸氢钠注射液
0,胰酶肠溶胶囊,维生素C注射液
0,胰酶肠溶胶囊,胃铋镁颗粒
0,胰酶肠溶片,奥美拉唑碳酸氢钠胶囊
0,胰酶肠溶片,复方聚乙二醇电解质散
0,胰酶肠溶片,间苯三酚注射液
0,胰酶肠溶片,碳酸氢钠片
0,胰酶肠溶片,碳酸氢钠注射液
0,胰酶肠溶片,维生素C注射液
0,胰酶肠溶片,胃铋镁颗粒
1,米曲菌胰酶片,西咪替丁注射液
1,胰酶肠溶胶囊,西咪替丁注射液
1,胰酶肠溶片,西咪替丁注射液
0,米曲菌胰酶片,阿卡波糖片
0,胰酶肠溶胶囊,阿卡波糖片
0,胰酶肠溶片,阿卡波糖片
0,米曲菌胰酶片,盐酸吡格列酮片
0,胰酶肠溶胶囊,盐酸吡格列酮片
0,胰酶肠溶片,盐酸吡格列酮片
1,吸入用乙酰半胱氨酸溶液,乳酸环丙沙星氯化钠注射液
1,乙酰半胱氨酸颗粒,乳酸环丙沙星氯化钠注射液
1,吸入用乙酰半胱氨酸溶液,硝酸甘油注射液
1,乙酰半胱氨酸颗粒,硝酸甘油注射液
0,吸入用乙酰半胱氨酸溶液,复方消化酶胶囊
0,吸入用乙酰半胱氨酸溶液,胰酶肠溶胶囊
0,乙酰半胱氨酸颗粒,复方消化酶胶囊
0,乙酰半胱氨酸颗粒,胰酶肠溶胶囊
1,异烟肼片,阿司匹林肠溶片
1,多巴丝肼片,恩他卡朋片
1,多巴丝肼片,维生素B0片
1,多巴丝肼片,维生素B0注射液
1,左氧氟沙星滴眼液,环孢素软胶囊
1,左氧氟沙星氯化钠注射液,环孢素软胶囊
1,左氧氟沙星片,环孢素软胶囊
0,左氧氟沙星滴眼液,布洛芬颗粒
0,左氧氟沙星氯化钠注射液,布洛芬颗粒
0,左氧氟沙星片,布洛芬颗粒
0,佐匹克隆片,红霉素软膏
0,佐匹克隆片,红霉素眼膏
1,佐匹克隆片,卡马西平片
1,佐匹克隆片,盐酸甲氧氯普胺注射液
1,佐匹克隆片,硫酸阿托品注射液
1,硫酸阿托品注射液,异烟肼片
1,硫酸阿托品注射液,地高辛片
1,硫酸阿托品注射液,维生素B注射液
0,硫酸阿托品注射液,硫酸镁注射液
0,硫酸阿托品注射液,奥美拉唑碳酸氢钠胶囊
0,硫酸阿托品注射液,复方聚乙二醇电解质散
0,硫酸阿托品注射液,间苯三酚注射液
0,硫酸阿托品注射液,碳酸氢钠片
0,硫酸阿托品注射液,碳酸氢钠注射液
0,硫酸阿托品注射液,维生素C注射液
0,硫酸阿托品注射液,胃铋镁颗粒
1,硫酸阿托品注射液,盐酸甲氧氯普胺注射液
0,硫酸阿托品注射液,多巴丝肼片
0,硫酸阿托品注射液,硝酸异山梨酯片
0,硫酸阿托品注射液,地西泮片
0,硫酸阿托品注射液,地西泮注射液
0,硫酸阿托品注射液,注射用苯巴比妥钠
1,硫酸阿托品注射液,复方谷氨酰胺肠溶胶囊
1,硫酸阿托品注射液,铝镁混悬液
1,硫酸阿托品注射液,氢化可的松注射液
1,硫酸阿托品注射液,紫杉醇注射液
0,氨甲环酸注射液,注射用尿激酶
0,注射用奥沙利铂,醋酸钠林格注射液
0,注射用奥沙利铂,丁苯酞氯化钠注射液
0,注射用奥沙利铂,丁溴东莨菪碱注射液
0,注射用奥沙利铂,多索茶碱氯化钠注射液
0,注射用奥沙利铂,多索茶碱注射液
0,注射用奥沙利铂,呋塞米注射液
0,注射用奥沙利铂,氟康唑氯化钠注射液
0,注射用奥沙利铂,复方聚乙二醇电解质散
0,注射用奥沙利铂,复方氯化钠注射液
0,注射用奥沙利铂,肝素钠注射液
0,注射用奥沙利铂,格列吡嗪控释片
0,注射用奥沙利铂,甲钴胺注射液
0,注射用奥沙利铂,甲硝唑氯化钠注射液
0,注射用奥沙利铂,聚明胶肽注射液
0,注射用奥沙利铂,氯化钠注射液
0,注射用奥沙利铂,钠钾镁钙葡萄糖注射液
0,注射用奥沙利铂,葡萄糖氯化钠注射液
0,注射用奥沙利铂,葡萄糖酸钙锌口服溶液
0,注射用奥沙利铂,羟乙基淀粉111/1.0氯化钠注射液
0,注射用奥沙利铂,乳酸环丙沙星氯化钠注射液
0,注射用奥沙利铂,三磷酸腺苷二钠注射液
0,注射用奥沙利铂,生理氯化钠溶液
0,注射用奥沙利铂,舒洛地特注射液
0,注射用奥沙利铂,顺铂注射液
0,注射用奥沙利铂,维生素B注射液
0,注射用奥沙利铂,维生素B1注射液
0,注射用奥沙利铂,盐酸昂丹司琼注射液
0,注射用奥沙利铂,盐酸多巴胺注射液
0,注射用奥沙利铂,盐酸利多卡因注射液
0,注射用奥沙利铂,盐酸普鲁卡因注射液
0,注射用奥沙利铂,盐酸肾上腺素注射液
0,注射用奥沙利铂,盐酸托烷司琼注射液
0,注射用奥沙利铂,盐酸异丙嗪注射液
0,注射用奥沙利铂,重酒石酸间羟胺注射液
0,注射用奥沙利铂,重酒石酸去甲肾上腺素注射液
0,注射用奥沙利铂,注射用白眉蛇毒血凝酶
0,注射用奥沙利铂,注射用亚叶酸钙
0,注射用奥沙利铂,门冬胰岛素11注射液
0,注射用奥沙利铂,门冬胰岛素注射液
0,注射用奥沙利铂,氟尿嘧啶注射液
0,胞磷胆碱钠注射液,多巴丝肼片
0,盐酸贝尼地平片,地高辛片
1,盐酸贝尼地平片,西咪替丁注射液
1,吡嗪酰胺片,秋水仙碱片
1,吡嗪酰胺片,环孢素软胶囊
0,丙戊酸钠缓释片,阿司匹林肠溶片
0,丙戊酸钠口服溶液,阿司匹林肠溶片
0,注射用丙戊酸钠,阿司匹林肠溶片
0,丙戊酸钠缓释片,双嘧达莫片
0,丙戊酸钠口服溶液,双嘧达莫片
0,注射用丙戊酸钠,双嘧达莫片
1,丙戊酸钠缓释片,氯硝西泮片
1,丙戊酸钠口服溶液,氯硝西泮片
1,注射用丙戊酸钠,氯硝西泮片
1,丙戊酸钠缓释片,氟哌啶醇注射液
1,丙戊酸钠口服溶液,氟哌啶醇注射液
1,注射用丙戊酸钠,氟哌啶醇注射液
1,丙戊酸钠缓释片,盐酸阿米替林片
1,丙戊酸钠口服溶液,盐酸阿米替林片
1,注射用丙戊酸钠,盐酸阿米替林片
1,丙戊酸钠缓释片,卡马西平片
1,丙戊酸钠口服溶液,卡马西平片
1,注射用丙戊酸钠,卡马西平片
1,醋酸钙胶囊,维生素AD软胶囊
1,醋酸钙片,维生素AD软胶囊
0,碘海醇注射液,盐酸二甲双胍片
1,盐酸多柔比星脂质体注射液,注射用环磷酰胺
1,盐酸多柔比星脂质体注射液,氟尿嘧啶注射液
1,盐酸多柔比星脂质体注射液,甲氨蝶呤注射液
1,盐酸多柔比星脂质体注射液,顺铂注射液
1,盐酸多柔比星脂质体注射液,注射用顺铂
1,多索茶碱氯化钠注射液,乳酸环丙沙星氯化钠注射液
1,多索茶碱片,乳酸环丙沙星氯化钠注射液
1,多索茶碱注射液,乳酸环丙沙星氯化钠注射液
0,多西他赛注射液,顺铂注射液
0,多西他赛注射液,注射用顺铂
0,复方泛影葡胺注射液,盐酸二甲双胍片
1,复方泛影葡胺注射液,铝镁混悬液
1,复方泛影葡胺注射液,氢化可的松注射液
1,复方泛影葡胺注射液,紫杉醇注射液
0,酚磺乙胺注射液,注射用纤溶酶
1,酚酞片,奥美拉唑碳酸氢钠胶囊
1,酚酞片,复方聚乙二醇电解质散
1,酚酞片,间苯三酚注射液
1,酚酞片,碳酸氢钠片
1,酚酞片,碳酸氢钠注射液
1,酚酞片,维生素C注射液
1,酚酞片,胃铋镁颗粒
1,伏格列波糖片,盐酸肾上腺素注射液
0,氟比洛芬酯注射液,甲氨蝶呤注射液
0,氟比洛芬酯注射液,呋塞米片
0,氟比洛芬酯注射液,呋塞米注射液
0,氟比洛芬酯注射液,氧氟沙星滴眼液
0,氟伐他汀钠缓释片,红霉素软膏
0,氟伐他汀钠缓释片,红霉素眼膏
1,氟伐他汀钠缓释片,西咪替丁注射液
1,氟伐他汀钠缓释片,奥美拉唑肠溶胶囊
1,氟伐他汀钠缓释片,奥美拉唑碳酸氢钠胶囊
1,氟尿嘧啶注射液,顺铂注射液
1,氟尿嘧啶注射液,注射用顺铂
1,氟尿嘧啶注射液,甲氨蝶呤注射液
1,氟尿嘧啶注射液,注射用亚叶酸钙
0,氟尿嘧啶注射液,西咪替丁注射液
0,福辛普利钠片,螺内酯片
1,注射用水溶性维生素,盐酸甲氧氯普胺注射液
0,复方磺胺甲噁唑片,甲氨蝶呤注射液
0,复方磺胺甲噁唑片,奥美拉唑碳酸氢钠胶囊
0,复方磺胺甲噁唑片,复方聚乙二醇电解质散
0,复方磺胺甲噁唑片,间苯三酚注射液
0,复方磺胺甲噁唑片,碳酸氢钠片
0,复方磺胺甲噁唑片,碳酸氢钠注射液
0,复方磺胺甲噁唑片,维生素C注射液
0,复方磺胺甲噁唑片,胃铋镁颗粒
0,复方磺胺甲噁唑片,环孢素软胶囊
0,盐酸乐卡地平片,红霉素软膏
0,盐酸乐卡地平片,红霉素眼膏
0,盐酸乐卡地平片,环孢素软胶囊
0,盐酸乐卡地平片,咪达唑仑注射液
0,盐酸乐卡地平片,铝镁混悬液
0,盐酸乐卡地平片,氢化可的松注射液
0,盐酸乐卡地平片,紫杉醇注射液
0,利福喷丁胶囊,铝镁混悬液
0,利福喷丁胶囊,氢化可的松注射液
0,利福喷丁胶囊,紫杉醇注射液
0,利福喷丁胶囊,异烟肼片
1,利福喷丁胶囊,氨茶碱片
1,利福喷丁胶囊,氨茶碱注射液
1,利福喷丁胶囊,复方甲氧那明胶囊
1,利福喷丁胶囊,环孢素软胶囊
1,利福喷丁胶囊,盐酸普罗帕酮片
1,利福喷丁胶囊,复方磺胺甲噁唑片
1,利福喷丁胶囊,注射用环磷酰胺
1,硫辛酸胶囊,顺铂注射液
1,硫辛酸胶囊,注射用顺铂
1,硫辛酸注射液,顺铂注射液
1,硫辛酸注射液,注射用顺铂
0,铝碳酸镁片,乳酸环丙沙星氯化钠注射液
0,铝碳酸镁片,氧氟沙星滴眼液
0,铝碳酸镁片,地高辛片
1,铝碳酸镁片,铝碳酸镁片
0,醋酸钠林格注射液,环孢素软胶囊
0,复方聚乙二醇电解质散,环孢素软胶囊
0,复方氯化钠注射液,环孢素软胶囊
0,聚明胶肽注射液,环孢素软胶囊
0,氯化钾缓释片,环孢素软胶囊
0,钠钾镁钙葡萄糖注射液,环孢素软胶囊
0,乳酸钠林格注射液,环孢素软胶囊
0,氯雷他定片,西咪替丁注射液
0,注射用氯诺昔康,阿司匹林肠溶片
0,注射用氯诺昔康,地高辛片
0,氯硝西泮片,西咪替丁注射液
1,氯硝西泮片,异烟肼片
1,氯硝西泮片,地高辛片
0,注射用尿激酶,阿司匹林肠溶片
0,注射用哌拉西林钠他唑巴坦钠,妥布霉素滴眼液
0,注射用哌拉西林钠他唑巴坦钠,妥布霉素地塞米松滴眼液
0,注射用培美曲塞二钠,肠内营养粉剂
0,注射用培美曲塞二钠,注射用水溶性维生素
1,注射用培美曲塞二钠,阿司匹林肠溶片
1,注射用培美曲塞二钠,布洛芬颗粒
1,钠钾镁钙葡萄糖注射液,维生素AD软胶囊
1,葡萄糖酸钙注射液,维生素AD软胶囊
1,钠钾镁钙葡萄糖注射液,铝镁混悬液
1,钠钾镁钙葡萄糖注射液,氢化可的松注射液
1,钠钾镁钙葡萄糖注射液,紫杉醇注射液
1,葡萄糖酸钙注射液,铝镁混悬液
1,葡萄糖酸钙注射液,氢化可的松注射液
1,葡萄糖酸钙注射液,紫杉醇注射液
1,普瑞巴林胶囊,铝镁混悬液
1,普瑞巴林胶囊,氢化可的松注射液
1,普瑞巴林胶囊,紫杉醇注射液
0,氢化可的松注射液,氨酚羟考酮片
0,氢化可的松注射液,氨酚曲马多片
0,氢化可的松注射液,氨酚双氢可待因片
0,氢化可的松注射液,对乙酰氨基酚缓释片
0,氢化可的松注射液,酚麻美敏胶囊
0,氢化可的松注射液,硫酸阿托品注射液
1,氢化可的松注射液,异烟肼片
1,酚麻美敏胶囊,铝镁混悬液
1,酚麻美敏胶囊,氢化可的松注射液
1,酚麻美敏胶囊,紫杉醇注射液
1,美敏伪麻溶液,铝镁混悬液
1,美敏伪麻溶液,氢化可的松注射液
1,美敏伪麻溶液,紫杉醇注射液
1,注射用曲妥珠单抗,紫杉醇注射液
1,注射用曲妥珠单抗,顺铂注射液
1,注射用曲妥珠单抗,注射用顺铂
1,注射用曲妥珠单抗,盐酸多柔比星脂质体注射液
1,注射用曲妥珠单抗,注射用环磷酰胺
1,去乙酰毛花苷注射液,柳氮磺吡啶肠溶片
0,去乙酰毛花苷注射液,红霉素软膏
0,去乙酰毛花苷注射液,红霉素眼膏
0,去乙酰毛花苷注射液,盐酸甲氧氯普胺注射液
1,去乙酰毛花苷注射液,螺内酯片
1,炔诺酮片,苯巴比妥片
1,炔诺酮片,氨酚羟考酮片
1,炔诺酮片,氨酚曲马多片
1,炔诺酮片,氨酚双氢可待因片
1,炔诺酮片,对乙酰氨基酚缓释片
1,炔诺酮片,酚麻美敏胶囊
1,葡萄糖酸钙注射液,维生素AD软胶囊
1,乳酸环丙沙星氯化钠注射液,环孢素软胶囊
1,瑞舒伐他汀钙片,红霉素软膏
1,瑞舒伐他汀钙片,红霉素眼膏
1,瑞舒伐他汀钙片,环孢素软胶囊
1,瑞舒伐他汀钙片,地高辛片
0,盐酸肾上腺素注射液,缩宫素注射液
0,注射用美洛西林钠舒巴坦钠,阿司匹林肠溶片
0,注射用头孢哌酮钠舒巴坦钠,阿司匹林肠溶片
0,顺铂注射液,甲氨蝶呤注射液
0,注射用顺铂,甲氨蝶呤注射液
0,顺铂注射液,秋水仙碱片
0,注射用顺铂,秋水仙碱片
1,奥美拉唑碳酸氢钠胶囊,多巴丝肼片
1,复方聚乙二醇电解质散,多巴丝肼片
1,间苯三酚注射液,多巴丝肼片
1,碳酸氢钠片,多巴丝肼片
1,碳酸氢钠注射液,多巴丝肼片
1,维生素C注射液,多巴丝肼片
1,胃铋镁颗粒,多巴丝肼片
0,头孢地尼胶囊,铝镁混悬液
0,头孢地尼胶囊,氢化可的松注射液
0,头孢地尼胶囊,紫杉醇注射液
0,注射用头孢呋辛钠,硫酸阿米卡星注射液
0,注射用头孢呋辛钠,妥布霉素滴眼液
0,注射用头孢呋辛钠,妥布霉素地塞米松滴眼液
0,注射用头孢呋辛钠,氨茶碱片
0,注射用头孢呋辛钠,氨茶碱注射液
0,注射用头孢呋辛钠,复方甲氧那明胶囊
0,注射用头孢呋辛钠,醋酸钠林格注射液
0,注射用头孢呋辛钠,复方氯化钠注射液
0,注射用头孢呋辛钠,聚明胶肽注射液
0,注射用头孢呋辛钠,乳酸钠林格注射液
0,注射用头孢呋辛钠,钠钾镁钙葡萄糖注射液
0,注射用头孢呋辛钠,葡萄糖酸钙注射液
0,注射用头孢呋辛钠,复方利多卡因乳膏
0,注射用头孢呋辛钠,铝镁混悬液
0,注射用头孢呋辛钠,氢化可的松注射液
0,注射用头孢呋辛钠,紫杉醇注射液
0,头孢呋辛酯片,硫酸阿米卡星注射液
0,头孢呋辛酯片,妥布霉素滴眼液
0,头孢呋辛酯片,妥布霉素地塞米松滴眼液
0,头孢呋辛酯片,氨茶碱片
0,头孢呋辛酯片,氨茶碱注射液
0,头孢呋辛酯片,复方甲氧那明胶囊
0,头孢呋辛酯片,醋酸钠林格注射液
0,头孢呋辛酯片,复方氯化钠注射液
0,头孢呋辛酯片,聚明胶肽注射液
0,头孢呋辛酯片,乳酸钠林格注射液
0,头孢呋辛酯片,钠钾镁钙葡萄糖注射液
0,头孢呋辛酯片,葡萄糖酸钙注射液
0,头孢呋辛酯片,复方利多卡因乳膏
0,头孢呋辛酯片,铝镁混悬液
0,头孢呋辛酯片,氢化可的松注射液
0,头孢呋辛酯片,紫杉醇注射液
0,注射用头孢哌酮钠舒巴坦钠,妥布霉素滴眼液
0,注射用头孢哌酮钠舒巴坦钠,妥布霉素地塞米松滴眼液
0,注射用头孢哌酮钠舒巴坦钠,氨茶碱片
0,注射用头孢哌酮钠舒巴坦钠,氨茶碱注射液
0,注射用头孢哌酮钠舒巴坦钠,复方甲氧那明胶囊
0,注射用头孢哌酮钠舒巴坦钠,铝镁混悬液
0,注射用头孢哌酮钠舒巴坦钠,氢化可的松注射液
0,注射用头孢哌酮钠舒巴坦钠,紫杉醇注射液
0,注射用头孢曲松钠,红霉素软膏
0,注射用头孢曲松钠,红霉素眼膏
0,注射用头孢曲松钠,双氯芬酸二乙胺乳胶剂
0,注射用头孢曲松钠,间苯三酚注射液
0,注射用头孢曲松钠,维生素C片
0,注射用头孢曲松钠,维生素C注射液
0,注射用头孢曲松钠,盐酸异丙嗪注射液
0,注射用头孢曲松钠,右旋糖酐铁片
0,注射用头孢曲松钠,长春西汀注射液
0,注射用头孢曲松钠,铝镁混悬液
0,注射用头孢曲松钠,氢化可的松注射液
0,注射用头孢曲松钠,紫杉醇注射液
1,注射用头孢噻肟钠,妥布霉素滴眼液
1,注射用头孢噻肟钠,妥布霉素地塞米松滴眼液
0,注射用头孢噻肟钠,铝镁混悬液
0,注射用头孢噻肟钠,氢化可的松注射液
0,注射用头孢噻肟钠,紫杉醇注射液
0,注射用头孢他啶,硫酸阿米卡星注射液
0,注射用头孢他啶,妥布霉素滴眼液
0,注射用头孢他啶,妥布霉素地塞米松滴眼液
0,注射用头孢他啶,氨茶碱片
0,注射用头孢他啶,氨茶碱注射液
0,注射用头孢他啶,复方甲氧那明胶囊
0,注射用头孢他啶,醋酸钠林格注射液
0,注射用头孢他啶,复方氯化钠注射液
0,注射用头孢他啶,聚明胶肽注射液
0,注射用头孢他啶,乳酸钠林格注射液
0,注射用头孢他啶,钠钾镁钙葡萄糖注射液
0,注射用头孢他啶,葡萄糖酸钙注射液
0,注射用头孢他啶,复方利多卡因乳膏
0,注射用头孢他啶,铝镁混悬液
0,注射用头孢他啶,氢化可的松注射液
0,注射用头孢他啶,紫杉醇注射液
0,复合维生素B片,硫酸阿米卡星注射液
0,复合维生素B片,钠钾镁钙葡萄糖注射液
0,复合维生素B片,盐酸昂丹司琼注射液
0,复合维生素B片,盐酸曲马多注射液
0,复合维生素B片,注射用泮托拉唑钠
0,复合维生素B片,注射用唑来膦酸
0,维生素B1片,硫酸阿米卡星注射液
0,维生素B1片,钠钾镁钙葡萄糖注射液
0,维生素B1片,盐酸昂丹司琼注射液
0,维生素B1片,盐酸曲马多注射液
0,维生素B1片,注射用泮托拉唑钠
0,维生素B1片,注射用唑来膦酸
0,维生素B1注射液,硫酸阿米卡星注射液
0,维生素B1注射液,钠钾镁钙葡萄糖注射液
0,维生素B1注射液,盐酸昂丹司琼注射液
0,维生素B1注射液,盐酸曲马多注射液
0,维生素B1注射液,注射用泮托拉唑钠
0,维生素B1注射液,注射用唑来膦酸
1,维生素B0片,异烟肼片
1,维生素B0注射液,异烟肼片
1,维生素B0片,注射用环磷酰胺
1,维生素B0注射液,注射用环磷酰胺
0,维生素B0片,多巴丝肼片
0,维生素B0注射液,多巴丝肼片
1,间苯三酚注射液,多巴丝肼片
1,维生素C片,多巴丝肼片
1,维生素C注射液,多巴丝肼片
1,盐酸异丙嗪注射液,多巴丝肼片
1,右旋糖酐铁片,多巴丝肼片
1,长春西汀注射液,多巴丝肼片
0,间苯三酚注射液,奥美拉唑碳酸氢钠胶囊
0,间苯三酚注射液,复方聚乙二醇电解质散
0,间苯三酚注射液,间苯三酚注射液
0,间苯三酚注射液,碳酸氢钠片
0,间苯三酚注射液,碳酸氢钠注射液
0,间苯三酚注射液,维生素C注射液
0,间苯三酚注射液,胃铋镁颗粒
0,维生素C片,奥美拉唑碳酸氢钠胶囊
0,维生素C片,复方聚乙二醇电解质散
0,维生素C片,间苯三酚注射液
0,维生素C片,碳酸氢钠片
0,维生素C片,碳酸氢钠注射液
0,维生素C片,维生素C注射液
0,维生素C片,胃铋镁颗粒
0,维生素C注射液,奥美拉唑碳酸氢钠胶囊
0,维生素C注射液,复方聚乙二醇电解质散
0,维生素C注射液,间苯三酚注射液
0,维生素C注射液,碳酸氢钠片
0,维生素C注射液,碳酸氢钠注射液
0,维生素C注射液,维生素C注射液
0,维生素C注射液,胃铋镁颗粒
0,盐酸异丙嗪注射液,奥美拉唑碳酸氢钠胶囊
0,盐酸异丙嗪注射液,复方聚乙二醇电解质散
0,盐酸异丙嗪注射液,间苯三酚注射液
0,盐酸异丙嗪注射液,碳酸氢钠片
0,盐酸异丙嗪注射液,碳酸氢钠注射液
0,盐酸异丙嗪注射液,维生素C注射液
0,盐酸异丙嗪注射液,胃铋镁颗粒
0,右旋糖酐铁片,奥美拉唑碳酸氢钠胶囊
0,右旋糖酐铁片,复方聚乙二醇电解质散
0,右旋糖酐铁片,间苯三酚注射液
0,右旋糖酐铁片,碳酸氢钠片
0,右旋糖酐铁片,碳酸氢钠注射液
0,右旋糖酐铁片,维生素C注射液
0,右旋糖酐铁片,胃铋镁颗粒
0,长春西汀注射液,奥美拉唑碳酸氢钠胶囊
0,长春西汀注射液,复方聚乙二醇电解质散
0,长春西汀注射液,间苯三酚注射液
0,长春西汀注射液,碳酸氢钠片
0,长春西汀注射液,碳酸氢钠注射液
0,长春西汀注射液,维生素C注射液
0,长春西汀注射液,胃铋镁颗粒
0,间苯三酚注射液,缩宫素注射液
0,间苯三酚注射液,阿昔洛韦乳膏
0,维生素C片,缩宫素注射液
0,维生素C片,阿昔洛韦乳膏
0,维生素C注射液,缩宫素注射液
0,维生素C注射液,阿昔洛韦乳膏
0,盐酸异丙嗪注射液,缩宫素注射液
0,盐酸异丙嗪注射液,阿昔洛韦乳膏
0,右旋糖酐铁片,缩宫素注射液
0,右旋糖酐铁片,阿昔洛韦乳膏
0,长春西汀注射液,缩宫素注射液
0,长春西汀注射液,阿昔洛韦乳膏
0,注射用腺苷钴胺,间苯三酚注射液
0,注射用腺苷钴胺,维生素C片
0,注射用腺苷钴胺,维生素C注射液
0,注射用腺苷钴胺,盐酸异丙嗪注射液
0,注射用腺苷钴胺,右旋糖酐铁片
0,注射用腺苷钴胺,长春西汀注射液
0,注射用腺苷钴胺,甲磺酸酚妥拉明注射液
0,注射用腺苷钴胺,蒙脱石散
0,注射用腺苷钴胺,葡萄糖氯化钠注射液
0,注射用腺苷钴胺,亚甲蓝注射液
0,注射用腺苷钴胺,右旋糖酐01葡萄糖注射液
1,硝酸异山梨酯片,铝镁混悬液
1,硝酸异山梨酯片,氢化可的松注射液
1,硝酸异山梨酯片,紫杉醇注射液
0,复合维生素B片,异烟肼片
0,注射用水溶性维生素,异烟肼片
1,氧氟沙星滴眼液,环孢素软胶囊
0,氧氟沙星滴眼液,布洛芬颗粒
0,依巴斯汀片,氟康唑胶囊
0,依巴斯汀片,氟康唑氯化钠注射液
1,依巴斯汀片,红霉素软膏
1,依巴斯汀片,红霉素眼膏
0,依巴斯汀片,注射用头孢唑林钠
0,依巴斯汀片,地西泮片
0,依巴斯汀片,地西泮注射液
1,右旋糖酐铁片,间苯三酚注射液
1,右旋糖酐铁片,维生素C片
1,右旋糖酐铁片,维生素C注射液
1,右旋糖酐铁片,盐酸异丙嗪注射液
1,右旋糖酐铁片,右旋糖酐铁片
1,右旋糖酐铁片,长春西汀注射液
0,右旋糖酐铁片,多巴丝肼片
1,左甲状腺素钠片,卡马西平片
1,左甲状腺素钠片,阿司匹林肠溶片
1,左甲状腺素钠片,碳酸钙片
1,肝素钠注射液,奥美拉唑碳酸氢钠胶囊
1,肝素钠注射液,复方聚乙二醇电解质散
1,肝素钠注射液,间苯三酚注射液
1,肝素钠注射液,碳酸氢钠片
1,肝素钠注射液,碳酸氢钠注射液
1,肝素钠注射液,维生素C注射液
1,肝素钠注射液,胃铋镁颗粒
0,肝素钠注射液,妥布霉素滴眼液
0,肝素钠注射液,妥布霉素地塞米松滴眼液
0,肝素钠注射液,阿司匹林肠溶片
0,肝素钠注射液,双嘧达莫片
0,肝素钠注射液,注射用纤溶酶
0,肝素钠注射液,注射用尿激酶
1,瑞格列奈片,复方磺胺甲噁唑片
0,碘普罗胺注射液,盐酸二甲双胍片
0,注射用还原型谷胱甘肽,复合维生素B片
0,盐酸乌拉地尔注射液,西咪替丁注射液
0,盐酸地尔硫卓片,西咪替丁注射液
0,注射用盐酸地尔硫卓,西咪替丁注射液
0,盐酸地尔硫卓片,地高辛片
0,注射用盐酸地尔硫卓,地高辛片
0,米非司酮片,阿司匹林肠溶片
1,贝前列素钠片,阿司匹林肠溶片
1,贝前列素钠片,注射用尿激酶
0,曲安奈德益康唑乳膏,硫酸阿托品注射液
0,曲安奈德益康唑乳膏,异烟肼片
0,重酒石酸去甲肾上腺素注射液,缩宫素注射液
0,骨化三醇胶丸,维生素AD软胶囊
0,骨化三醇注射液,维生素AD软胶囊
0,骨化三醇胶丸,苯巴比妥片
0,骨化三醇注射液,苯巴比妥片
